store,product,category,regularPrice,promoPrice,validFrom,validTo
Billa,Elmex Паста За Зъби Sensitive 75Мл,Домакински стоки,4.44,2.95,2026-06-07,2026-06-13
Billa,Мляно Кафе Espresso Milano Tchibo,Напитки,8.64,4.99,2026-06-07,2026-06-13
Billa,Teo Rich Milk Coconut Сапун 90Гр,Домакински стоки,1.02,0.61,2026-06-07,2026-06-13
Billa,Teo Rich Milk Delic. Care Сапун 90Гр,Домакински стоки,1.02,0.61,2026-06-07,2026-06-13
Billa,Aquafresh Active White Паста Зъби 125Мл,Основни хранителни продукти,2.55,1.63,2026-06-07,2026-06-13
Billa,1Кг Брашно Екстра София Мел,Основни хранителни продукти,1.15,0.86,2026-06-07,2026-06-13
Billa,Едросмляна Лютеница Първомай,Основни хранителни продукти,4.14,3.29,2026-06-07,2026-06-13
Billa,Кашкавал От Краве Мляко Белииса 400Г,Млечни продукти,7.15,3.99,2026-06-07,2026-06-13
Billa,Колбас Камчия 320Гр Народен,Месо и риба,2.65,1.53,2026-06-07,2026-06-13
Billa,Aquafresh Паста F&M Тройна Защитa 125Мл,Основни хранителни продукти,2.55,1.63,2026-06-07,2026-06-13
Billa,Aquafresh Паста M&M Тройна Защита 125Мл,Основни хранителни продукти,2.55,1.63,2026-06-07,2026-06-13
Billa,Мар Краве Сирене Давидово /8Кг Кофа,Млечни продукти,8.69,5.75,2026-06-07,2026-06-13
Billa,Кашкавал От Краве Мляко Тракийка За Кг,Млечни продукти,10.69,7.15,2026-06-07,2026-06-13
Billa,Бисквити Роден Край Масло,Млечни продукти,1.51,1.02,2026-06-07,2026-06-13
Billa,Пуешко Филе Слайс Кфм 160Г,Основни хранителни продукти,4.09,2.79,2026-06-07,2026-06-13
Billa,Шунка Бут Виенска Слайс 160 Кфм,Месо и риба,4.09,2.79,2026-06-07,2026-06-13
Billa,Удивителна Луканкова Наденица 330Гр,Месо и риба,3.73,2.55,2026-06-07,2026-06-13
Billa,Домати На Кубчета Oberon,Плодове и зеленчуци,1.15,0.79,2026-06-07,2026-06-13
Billa,Бел Македон. Наденица Леки /4Х1.2Кг,Месо и риба,8.43,5.87,2026-06-07,2026-06-13
Billa,Clever Т.Х.8Бр 3Пл Целулоза,Основни хранителни продукти,3.06,2.19,2026-06-07,2026-06-13
Billa,Бира Pet 2Л Пиринско,Напитки,1.55,1.17,2026-06-07,2026-06-13
Billa,Кроасан Lotto Какаов И Ванилов Кр,Основни хранителни продукти,0.71,0.56,2026-06-07,2026-06-13
Billa,Кроасан Lotto Какаов И Лешников Кр,Основни хранителни продукти,0.71,0.56,2026-06-07,2026-06-13
Billa,Мургаш Краве Сирене Мургаш 8Кг,Млечни продукти,10.22,8.18,2026-06-07,2026-06-13
Billa,Калина Черни Маслини Без Кост.181-230/2К,Основни хранителни продукти,8.06,4.49,2026-06-07,2026-06-13
Billa,Кен Салам Бургас 200Г,Месо и риба,3.32,2.04,2026-06-07,2026-06-13
Billa,Белла Пилешки Кренвирши Народен,Месо и риба,4.34,2.79,2026-06-07,2026-06-13
Billa,Деликатес С Пуешко Слайс 200Г Clever,Основни хранителни продукти,3.47,2.30,2026-06-07,2026-06-13
Billa,Кренвирши Кен 320Г,Месо и риба,3.06,2.05,2026-06-07,2026-06-13
Billa,Белла 120Гр Селска Вита Б-Ца Сирене 40Бр,Млечни продукти,1.03,0.43,2026-06-07,2026-06-13
Billa,Ранно Зеле,Плодове и зеленчуци,1.25,0.59,2026-06-07,2026-06-13
Billa,Домати Червени,Плодове и зеленчуци,2.69,1.79,2026-06-07,2026-06-13
Billa,1Кг Кафе На Зърна Lavazza Suerte,Напитки,21.47,14.99,2026-06-07,2026-06-13
Billa,Колбас Тип Телешки 320 Народен,Месо и риба,2.65,1.53,2026-06-07,2026-06-13
Billa,Портокали,Плодове и зеленчуци,1.69,0.99,2026-06-07,2026-06-13
Billa,Бел Краве Сирене Белииса / 8Кг/ Бсс,Млечни продукти,9.71,5.99,2026-06-07,2026-06-13
Billa,Кашкавал От Кр.Мляко Бдс Маджаров 800Гр,Млечни продукти,15.33,10.22,2026-06-07,2026-06-13
Billa,Сладки Картофи,Плодове и зеленчуци,2.49,1.69,2026-06-07,2026-06-13
Billa,Кашкавал От Краве Мляко Milky Dream 400Г,Млечни продукти,5.52,3.79,2026-06-07,2026-06-13
Billa,Минерална Вода 1.5Л Банкя,Напитки,0.66,0.49,2026-06-07,2026-06-13
Billa,Кашкавал От Краве Мляко Бдс Billa 400Г,Млечни продукти,6.13,4.89,2026-06-07,2026-06-13
Billa,Краставици,Плодове и зеленчуци,2.25,1.99,2026-06-07,2026-06-13
Billa,Краве Масло D.Markenbutter 250Гр,Млечни продукти,3.29,1.59,2026-06-07,2026-06-13
Billa,Прясно Пиле+2 Бутчета Xxl Бг,Месо и риба,4.09,2.49,2026-06-07,2026-06-13
Billa,Кашкавал От Краве Мляко Верея 400Г,Млечни продукти,7.13,4.99,2026-06-07,2026-06-13
Billa,Яйца L10 Подово Отглеждане Дончево,Основни хранителни продукти,3.16,2.29,2026-06-07,2026-06-13
Billa,Кисело Мляко Верея 2% 400Гр,Млечни продукти,0.81,0.59,2026-06-07,2026-06-13
Billa,"Кисело Мляко Верея 3,6% 400Гр",Млечни продукти,0.89,0.66,2026-06-07,2026-06-13
Billa,Шпек Бургас Перелик 230Гр,Месо и риба,4.09,2.79,2026-06-07,2026-06-13
Billa,Бел Кашкавал От Кр.Мляко Рафтис 5.5Кг,Млечни продукти,12.78,7.66,2026-06-07,2026-06-13
Billa,Пилешко Филе Слайс Кфм 160 Гр,Месо и риба,4.24,2.79,2026-06-07,2026-06-13
Billa,Бекон Слайс Billa 200Гр,Месо и риба,3.42,2.55,2026-06-07,2026-06-13
Billa,Кус Кус Billa,Основни хранителни продукти,1.29,0.99,2026-06-07,2026-06-13
Billa,Astera Homeopathica Kids 4+ Паста 50Мл,Основни хранителни продукти,3.22,2.89,2026-06-07,2026-06-13
Billa,Минерална Вода Мултипак 6Х1.5Л Банкя,Напитки,3.91,2.55,2026-06-07,2026-06-13
Billa,Бисквити Роден Край Мляко,Млечни продукти,1.51,1.02,2026-06-07,2026-06-13
Billa,"Мерло&Малбек 0,75Л Contemplations",Основни хранителни продукти,9.86,6.89,2026-06-07,2026-06-13
Billa,Бел Кашкавал Белииса /4X2.1Кг,Млечни продукти,14.31,8.68,2026-06-07,2026-06-13
Billa,Краве Сирене Наборъ 900Г,Млечни продукти,7.99,4.99,2026-06-07,2026-06-13
Billa,Мил Кашкавал Наборъ/7 Кг,Млечни продукти,12.27,8.18,2026-06-07,2026-06-13
Billa,Мерло 0.75Л Menada,Основни хранителни продукти,5.11,3.99,2026-06-07,2026-06-13
Billa,Мляно Кафе Еspresso Sicilia Tchibo,Напитки,8.64,4.99,2026-06-07,2026-06-13
Billa,Шардоне 0.75Л Menada,Основни хранителни продукти,5.11,3.99,2026-06-07,2026-06-13
Billa,Траминер 0.75Л Menada,Основни хранителни продукти,5.11,3.99,2026-06-07,2026-06-13
Billa,Домати Рома,Плодове и зеленчуци,2.29,1.99,2026-06-07,2026-06-13
Billa,Та Чешка Шунка Тандем,Месо и риба,20.45,12.77,2026-06-07,2026-06-13
Billa,Та Бекон Калъп/1Кг Парче,Месо и риба,17.89,11.25,2026-06-07,2026-06-13
Billa,Кашкавал От Краве Мляко Мургаш 200Г,Млечни продукти,3.57,2.29,2026-06-07,2026-06-13
Billa,Та Кренвирши Тандем,Месо и риба,9.50,6.69,2026-06-07,2026-06-13
Billa,Мляно Кафе Espresso Casa Segafredo,Напитки,6.64,4.29,2026-06-07,2026-06-13
Billa,Чех Варено Пушено Филе,Основни хранителни продукти,8.38,6.20,2026-06-07,2026-06-13
Billa,Бел Шпек Сандвич Перелик,Месо и риба,14.31,9.20,2026-06-07,2026-06-13
Billa,Дим Филе Монтана,Основни хранителни продукти,17.89,13.29,2026-06-07,2026-06-13
Billa,"Мортадела С Чушки И Маслини Браво 2,2Кг",Плодове и зеленчуци,7.66,4.95,2026-06-07,2026-06-13
Billa,Бисквити Роден Край Какао,Сладки,1.51,1.02,2026-06-07,2026-06-13
Billa,Совиньон Блан 0.75Л Contemplations,Основни хранителни продукти,9.86,6.89,2026-06-07,2026-06-13
Billa,Жит Македонска Наденица,Месо и риба,9.20,6.13,2026-06-07,2026-06-13
Billa,Чисто Антибак.Сапун С Активен Въг 90Гр,Домакински стоки,1.17,1.12,2026-06-07,2026-06-13
Billa,Чисто Антибактериален Сапун Актив 90Гр,Домакински стоки,1.17,1.12,2026-06-07,2026-06-13
Billa,Чисто Антибактериален Сапун Спорт 90Гр,Домакински стоки,1.17,1.12,2026-06-07,2026-06-13
Billa,Мляно Кафе Intermezzo Segafredo,Напитки,5.62,4.29,2026-06-07,2026-06-13
Billa,Бел Краве Сирене Беленско/8Кг/Кофа,Млечни продукти,9.97,6.38,2026-06-07,2026-06-13
Billa,Мур Кашкавал Мургаш Тост 2.3Кг,Млечни продукти,12.62,8.48,2026-06-07,2026-06-13
Billa,"Кроасан Lotto Ванила,Череша Крем",Основни хранителни продукти,0.71,0.56,2026-06-07,2026-06-13
Billa,Лютеница Домашна Финосмляна Deroni,Основни хранителни продукти,3.53,2.59,2026-06-07,2026-06-13
Billa,Лютеница Традиционна Бс Deroni,Основни хранителни продукти,3.53,2.59,2026-06-07,2026-06-13
Billa,"Кисело Мляко Болярче 3,6% 400Гр",Млечни продукти,0.92,0.69,2026-06-07,2026-06-13
Billa,Лютеница Финосмляна Бдз Deroni,Основни хранителни продукти,3.29,2.59,2026-06-07,2026-06-13
Billa,Кен Салам Веслец 200Г,Месо и риба,3.32,2.04,2026-06-07,2026-06-13
Billa,Шпек Сандвич Перелик 300Гр,Месо и риба,4.49,2.79,2026-06-07,2026-06-13
Billa,2X450Гр Мкафе Класик Комбо Nova Brasilia,Напитки,11.24,10.69,2026-06-07,2026-06-13
Billa,Elmex Паста За Зъби Против Кариес 75Мл,Домакински стоки,4.44,2.95,2026-06-07,2026-06-13
Billa,Тандем Виенска Шунка,Месо и риба,20.45,12.77,2026-06-07,2026-06-13
Billa,Мак Краве Сирене Родопско Чудо 8Кг,Млечни продукти,11.24,7.15,2026-06-07,2026-06-13
Billa,Картофи Пресни,Плодове и зеленчуци,1.69,1.49,2026-06-07,2026-06-13
Billa,Мавруд 0.75Л Menada,Основни хранителни продукти,5.11,3.99,2026-06-07,2026-06-13
Billa,Oral B Pro Repair Gentle П. За Зъби 75Мл,Основни хранителни продукти,5.41,3.75,2026-06-07,2026-06-13
Billa,Oral B Pro Repair Original П.За Зъби 75М,Основни хранителни продукти,5.41,3.75,2026-06-07,2026-06-13
Billa,Браво Пилешко Филе,Месо и риба,12.78,9.99,2026-06-07,2026-06-13
Billa,Колбас Хамбургски 320 Народен,Месо и риба,2.65,1.53,2026-06-07,2026-06-13
Lidl,Домати на кг,Плодове и зеленчуци,2.99,1.99,2026-06-07,2026-06-13
Lidl,Моркови на кг,Плодове и зеленчуци,1.27,1.09,2026-06-07,2026-06-13
Lidl,Домати на клонка на кг,Плодове и зеленчуци,3.89,1.69,2026-06-07,2026-06-13
Lidl,Бял хляб с квас,Хляб и тестени,1.27,0.63,2026-06-07,2026-06-13
Lidl,Кроасан с масло (27% масло),Млечни продукти,0.49,0.29,2026-06-07,2026-06-13
Lidl,Банани на кг,Плодове и зеленчуци,1.89,1.39,2026-06-07,2026-06-13
Lidl,Кафе Россо,Напитки,3.79,2.79,2026-06-07,2026-06-13
Lidl,Madzharov Кашкавал Витоша БДС,Млечни продукти,7.15,5.45,2026-06-07,2026-06-13
Lidl,"ROSО Прясно цяло пиле, ок. 1,5 кг",Месо и риба,7.45,5.89,2026-06-07,2026-06-13
Lidl,"ROSO Пр.пил.обез.бут б.кожа,ок0,5кг",Основни хранителни продукти,9.59,7.59,2026-06-07,2026-06-13
Lidl,"Свинско месо за готвене, ок.750г-ат",Месо и риба,5.87,4.65,2026-06-07,2026-06-13
Lidl,"ROSO Прясно пил. бутче, ок. 0,65 кг",Основни хранителни продукти,5.92,4.69,2026-06-07,2026-06-13
Lidl,Тоалетна хартия 8бр,Домакински стоки,3.06,2.43,2026-06-07,2026-06-13
Lidl,7 Days С.макс кроас. с как.п.,Основни хранителни продукти,1.02,0.81,2026-06-07,2026-06-13
Lidl,ROSO Прясно пилешко филе,Месо и риба,11.57,9.19,2026-06-07,2026-06-13
Lidl,Обикновени бисквити,Сладки,1.12,0.89,2026-06-07,2026-06-13
Lidl,Баница със сирене,Млечни продукти,0.89,0.71,2026-06-07,2026-06-13
Lidl,Бриош кроасан с шоколад,Сладки,0.99,0.79,2026-06-07,2026-06-13
Lidl,"Совиньон Блан, BG",Основни хранителни продукти,5.62,4.49,2026-06-07,2026-06-13
Lidl,Zlatno Dobrudzhansko Слънч. масло,Млечни продукти,1.99,1.59,2026-06-07,2026-06-13
Lidl,Прясно краве масло,Млечни продукти,2.09,1.67,2026-06-07,2026-06-13
Lidl,Гроздова ракия специална 40% алк.,Основни хранителни продукти,8.69,6.99,2026-06-07,2026-06-13
Lidl,Ябълки червени Кримсон Сноу на кг,Плодове и зеленчуци,2.19,1.79,2026-06-07,2026-06-13
Lidl,Bochko Бебешки сапун с лавандула,Домакински стоки,0.86,0.71,2026-06-07,2026-06-13
Lidl,"Four Firends Шардоне&Совин.блан, BG",Основни хранителни продукти,6.13,5.19,2026-06-07,2026-06-13
Lidl,Кашкавалка,Млечни продукти,1.48,1.29,2026-06-07,2026-06-13
Lidl,"Detstvo moe Детски бисквити, 200гр.",Сладки,1.12,0.99,2026-06-07,2026-06-13
Lidl,IZZI Захар,Основни хранителни продукти,0.58,0.55,2026-06-07,2026-06-13
Lidl,"Картофи, мити на кг",Плодове и зеленчуци,1.02,0.79,2026-06-07,2026-06-13
Lidl,"Картофи, сладки на кг",Плодове и зеленчуци,3.19,2.49,2026-06-07,2026-06-13
Lidl,"Картофи, четкани на кг",Плодове и зеленчуци,0.81,0.69,2026-06-07,2026-06-13
Lidl,Ръжен хляб с малц и течна ръж. закв,Хляб и тестени,0.99,0.49,2026-06-07,2026-06-13
Lidl,Zahira Захар,Основни хранителни продукти,1.12,0.69,2026-06-07,2026-06-13
Lidl,Слънчогледово олио 1 л,Основни хранителни продукти,1.68,1.09,2026-06-07,2026-06-13
Lidl,"Кисело мляко 3,6% ЗНП",Млечни продукти,0.74,0.49,2026-06-07,2026-06-13
Lidl,"Охл. пъстърва, изчистена, ок.0,7 кг",Основни хранителни продукти,7.69,5.29,2026-06-07,2026-06-13
Lidl,Дългозърнест ориз Арборио,Основни хранителни продукти,3.57,2.49,2026-06-07,2026-06-13
Lidl,Кашкавал от краве мляко БДС 400g,Млечни продукти,6.13,4.29,2026-06-07,2026-06-13
Lidl,Гръцко маслиново масло,Млечни продукти,7.50,5.25,2026-06-07,2026-06-13
Lidl,"Krina; Бял боб (ОНТ 400)""",Основни хранителни продукти,1.84,1.39,2026-06-07,2026-06-13
Lidl,Пушен кашкавал,Млечни продукти,7.66,5.99,2026-06-07,2026-06-13
Lidl,"Млечнокисел продукт, 2% XXL",Основни хранителни продукти,0.61,0.49,2026-06-07,2026-06-13
Lidl,Super Max Кроасан с какаов крем,Основни хранителни продукти,0.61,0.49,2026-06-07,2026-06-13
Lidl,Шпек БУРГАС XXL,Месо и риба,3.06,2.49,2026-06-07,2026-06-13
Lidl,Familia Фини точени кори,Основни хранителни продукти,2.19,1.79,2026-06-07,2026-06-13
Lidl,Jeleznitsa Бяло саламурено сирене,Млечни продукти,6.08,4.99,2026-06-07,2026-06-13
Lidl,Ръчен бял хляб,Хляб и тестени,0.97,0.81,2026-06-07,2026-06-13
Lidl,Кашкавал от краве мляко,Млечни продукти,5.11,4.29,2026-06-07,2026-06-13
Lidl,Лютеница едромляна,Основни хранителни продукти,4.09,3.45,2026-06-07,2026-06-13
Lidl,"Пресни яйца разм.L,подово отглежд",Основни хранителни продукти,2.70,2.29,2026-06-07,2026-06-13
Kaufland,Diana твърд сапун Minerals 150 гр,Домакински стоки,1.22,0.50,2026-06-07,2026-06-13
Kaufland,Diana твърд сапун Pearl Protein 150 гр,Домакински стоки,1.22,0.50,2026-06-07,2026-06-13
Kaufland,Diana твърд сапун Seaweed 150 гр,Домакински стоки,1.22,0.50,2026-06-07,2026-06-13
Kaufland,Домати на клонка кг,Плодове и зеленчуци,3.99,1.69,2026-06-07,2026-06-13
Kaufland,Бояна Кашкавал от краве мляко 400 г,Млечни продукти,9.15,3.99,2026-06-07,2026-06-13
Kaufland,"Черни Маслини Колосал 121/140, 2,5кг",Основни хранителни продукти,6.64,3.32,2026-06-07,2026-06-13
Kaufland,Tchibo Gold selection кафе мляно 250 г,Напитки,8.18,4.09,2026-06-07,2026-06-13
Kaufland,Aquafresh четка за зъби Clean&Flex 2бр m,Домакински стоки,2.86,1.53,2026-06-07,2026-06-13
Kaufland,Белииса Кашкавал от краве мляко тост 8кг,Млечни продукти,14.31,7.99,2026-06-07,2026-06-13
Kaufland,Davidoff Rich Aroma кафе мл.100%Араб250г,Напитки,12.27,6.89,2026-06-07,2026-06-13
Kaufland,Davidoff Espresso 57 кафе мл100%Араб250г,Напитки,12.27,6.89,2026-06-07,2026-06-13
Kaufland,Davidoff Fine Aroma кафе мл.100%Араб250г,Напитки,12.27,6.89,2026-06-07,2026-06-13
Kaufland,"Черни маслини Супер,Супер Мамут81/90 2,5",Основни хранителни продукти,7.15,4.09,2026-06-07,2026-06-13
Kaufland,"Маслини Каламата Джъмбо 181/260,13кг",Основни хранителни продукти,8.89,5.11,2026-06-07,2026-06-13
Kaufland,Червени маслини УслуТурски 280/360 5кг,Основни хранителни продукти,6.64,3.99,2026-06-07,2026-06-13
Kaufland,Оцет Винен Велико Търново 6% 700мл,Основни хранителни продукти,1.46,0.89,2026-06-07,2026-06-13
Kaufland,Оцет Ябълков Велико Търново 6% 700мл,Основни хранителни продукти,1.46,0.89,2026-06-07,2026-06-13
Kaufland,Велико Търново бял винен оцет 700мл,Основни хранителни продукти,1.46,0.89,2026-06-07,2026-06-13
Kaufland,Kimbo Aroma Intenso кафе на зърна 1кг,Напитки,30.67,18.91,2026-06-07,2026-06-13
Kaufland,"Майстор Цветко Хамбургски салам ~1,3кг",Месо и риба,6.38,3.95,2026-06-07,2026-06-13
Kaufland,Schauma Men шампоан Sports Power 400 мл,Домакински стоки,4.09,2.55,2026-06-07,2026-06-13
Kaufland,Schauma шампоан Chamomile 400 мл,Домакински стоки,4.09,2.55,2026-06-07,2026-06-13
Kaufland,Schauma Kids шампоан Girls 400 мл,Домакински стоки,4.09,2.55,2026-06-07,2026-06-13
Kaufland,Schauma Kids шампоан Boys 400 мл,Домакински стоки,4.09,2.55,2026-06-07,2026-06-13
Kaufland,Schauma шампоан Rose Oil 2 in 1 400 мл,Домакински стоки,4.09,2.55,2026-06-07,2026-06-13
Kaufland,Schauma шампоан Repair&Care 400 мл,Домакински стоки,4.09,2.55,2026-06-07,2026-06-13
Kaufland,Schauma Men шампоан за мъже 400 мл,Домакински стоки,4.09,2.55,2026-06-07,2026-06-13
Kaufland,Schauma шампоан Q10 400 мл,Домакински стоки,4.09,2.55,2026-06-07,2026-06-13
Kaufland,Schauma шампоан Stronger for Longer400мл,Домакински стоки,4.09,2.55,2026-06-07,2026-06-13
Kaufland,Dallmayr Prodomo Арабика мл.кафе 250г,Напитки,8.89,5.60,2026-06-07,2026-06-13
Kaufland,Trisa четка за зъби Swiss CleanDuo m 2бр,Домакински стоки,2.04,1.29,2026-06-07,2026-06-13
Kaufland,Loreal Elseve шампоан HyaluronPure 250мл,Домакински стоки,5.41,3.57,2026-06-07,2026-06-13
Kaufland,Colgate паста зъби Adv.White Charcoal 75,Основни хранителни продукти,2.74,1.83,2026-06-07,2026-06-13
Kaufland,Colgate четка зъби Max White 1+1/оп med.,Основни хранителни продукти,2.74,1.83,2026-06-07,2026-06-13
Kaufland,Colgate паста Max Fresh cool mint 75 мл,Основни хранителни продукти,2.74,1.83,2026-06-07,2026-06-13
Kaufland,Colgate паста за зъби Max Clean 75,Домакински стоки,2.74,1.83,2026-06-07,2026-06-13
Kaufland,Colgate паста Adv.White Baking Soda 75мл,Основни хранителни продукти,2.74,1.83,2026-06-07,2026-06-13
Kaufland,Точени кори 400 г,Основни хранителни продукти,1.17,0.79,2026-06-07,2026-06-13
Kaufland,Trisa четка за зъби We Care medium 2 бр,Домакински стоки,2.91,1.99,2026-06-07,2026-06-13
Kaufland,"Бони Кренвирши, кг. насип.",Месо и риба,6.64,4.59,2026-06-07,2026-06-13
Kaufland,Kimbo Aroma Italiano кафе мляно вак.250г,Напитки,6.64,4.59,2026-06-07,2026-06-13
Kaufland,Kimbo Aroma Classico кафе мляно вак.250г,Напитки,6.64,4.59,2026-06-07,2026-06-13
Kaufland,Kimbo Intenso кафе мляно вак.250г,Напитки,6.64,4.59,2026-06-07,2026-06-13
Kaufland,Aquafresh паста за деца 0-5г. 50 мл,Основни хранителни продукти,2.86,1.99,2026-06-07,2026-06-13
Kaufland,Aquafresh паста зъби Kids 6-8г. 50мл,Основни хранителни продукти,2.86,1.99,2026-06-07,2026-06-13
Kaufland,Lavazza Suerte кафе на зърна 1 кг,Напитки,21.47,14.99,2026-06-07,2026-06-13
Kaufland,Teo Nature шампоан 2in1 Nettle 350 мл,Домакински стоки,2.19,1.53,2026-06-07,2026-06-13
Kaufland,Teo Nature шампоан 2in1 Aloe Vera 350 мл,Домакински стоки,2.19,1.53,2026-06-07,2026-06-13
Kaufland,Teo Nature шампоан Lavender 350 мл,Домакински стоки,2.19,1.53,2026-06-07,2026-06-13
Kaufland,Teo Nature шампоан Menthol 350 мл,Домакински стоки,2.19,1.53,2026-06-07,2026-06-13
Kaufland,Trisa четка зъби Extra White medium 1бр,Основни хранителни продукти,3.27,2.29,2026-06-07,2026-06-13
Kaufland,MedixBalsam преп.съд.Spring Fresh750/830,Основни хранителни продукти,2.63,1.85,2026-06-07,2026-06-13
Kaufland,"Medix Clean&ЕasyСъдове,Apple,помп.800мл",Основни хранителни продукти,2.63,1.85,2026-06-07,2026-06-13
Kaufland,MedixPrem. пр.съдFreshCitrus800/750мл,Основни хранителни продукти,2.63,1.85,2026-06-07,2026-06-13
Kaufland,Здраве Актив шампоан стимулиращ 390 мл,Домакински стоки,4.68,3.32,2026-06-07,2026-06-13
Kaufland,Здраве Актив шампоан почистващ 390 мл,Домакински стоки,4.68,3.32,2026-06-07,2026-06-13
Kaufland,Здраве Актив шампоан успокояващ 390 мл,Домакински стоки,4.68,3.32,2026-06-07,2026-06-13
Kaufland,Aquafresh паста за зъби F&M 125 мл,Домакински стоки,2.14,1.53,2026-06-07,2026-06-13
Kaufland,Coppini маслиново масло помас 1 л,Млечни продукти,8.18,5.89,2026-06-07,2026-06-13
Kaufland,Papadopoulos Petit Beurre пълноз.225г,Основни хранителни продукти,1.25,0.91,2026-06-07,2026-06-13
Kaufland,"Devin минерална вода 1,5л",Напитки,0.59,0.43,2026-06-07,2026-06-13
Kaufland,Пилешко филе от гърди,Месо и риба,7.66,5.62,2026-06-07,2026-06-13
Kaufland,Лук жълт кг,Основни хранителни продукти,0.66,0.49,2026-06-07,2026-06-13
Kaufland,Trendy козметични мокри кърпи 20 бр,Основни хранителни продукти,0.92,0.69,2026-06-07,2026-06-13
Kaufland,"Зелени маслини,гриловани,пикант,кг",Плодове и зеленчуци,6.64,4.99,2026-06-07,2026-06-13
Kaufland,Sensodyne Kids паста Pronamel 2-6г. 50мл,Основни хранителни продукти,4.49,3.39,2026-06-07,2026-06-13
Kaufland,Маджаров Сирене Краве PVC кутия 900грЗНП,Млечни продукти,12.78,9.69,2026-06-07,2026-06-13
Kaufland,NAN 3 адапт. мляко за бебета 12м+800гр,Млечни продукти,21.47,16.30,2026-06-07,2026-06-13
Kaufland,NAN 4 Мляко за деца над 24м. 800г,Млечни продукти,21.47,16.30,2026-06-07,2026-06-13
Kaufland,Trisa четка зъби Flexible White med. 2бр,Основни хранителни продукти,3.93,2.99,2026-06-07,2026-06-13
Kaufland,Amelia мокри кърпички антибакт. 15 бр,Основни хранителни продукти,0.50,0.39,2026-06-07,2026-06-13
Kaufland,Oral-B четка за зъби 123 Indicator 1 бр,Домакински стоки,2.55,1.99,2026-06-07,2026-06-13
Kaufland,Trisa четка за зъби ProInterdental m 2бр,Домакински стоки,5.11,3.99,2026-06-07,2026-06-13
Kaufland,"Villa Yambol Каб.Совиньон 0,75л",Основни хранителни продукти,5.11,3.99,2026-06-07,2026-06-13
Kaufland,"Търговище Мерло Резерва 0,75 л ЗГУ",Основни хранителни продукти,4.25,3.39,2026-06-07,2026-06-13
Kaufland,"Търговище Мускат 0,75 л",Основни хранителни продукти,4.25,3.39,2026-06-07,2026-06-13
Kaufland,MILKI DREAM Краве масло 200 г,Млечни продукти,3.29,2.69,2026-06-07,2026-06-13
Kaufland,Саяна Краве масло 82% масл 250г,Млечни продукти,3.69,3.05,2026-06-07,2026-06-13
Kaufland,KATY млечен шоколад с ментов пълнеж 100г,Сладки,1.02,0.85,2026-06-07,2026-06-13
Kaufland,Oral-B четка за зъби Colors 4 бр,Домакински стоки,5.11,4.29,2026-06-07,2026-06-13
Kaufland,Trisa четка за зъби Travel 1 бр,Домакински стоки,2.55,2.15,2026-06-07,2026-06-13
Kaufland,Домати кг,Плодове и зеленчуци,3.89,3.29,2026-06-07,2026-06-13
Kaufland,"Леки Свинско филе, вак. ~700г",Месо и риба,6.64,5.62,2026-06-07,2026-06-13
Kaufland,Lacmi шоколад млечен 90г,Сладки,1.69,1.49,2026-06-07,2026-06-13
Kaufland,Lacmi шоколад мл.пълнеж и бисквита 100г,Сладки,1.69,1.49,2026-06-07,2026-06-13
Kaufland,Lacmi шоколад шок. пълнеж и вафла90г,Сладки,1.69,1.49,2026-06-07,2026-06-13
Kaufland,"JotisCremilac Оризова каша мляко200г, 4+",Млечни продукти,2.48,2.19,2026-06-07,2026-06-13
Kaufland,"Jotis Пш.каша мляко,ябъл,круша 200г,6+",Млечни продукти,2.48,2.19,2026-06-07,2026-06-13
Kaufland,"JotisCremilacПш.каша мляко,бискв,200г,6+",Млечни продукти,2.48,2.19,2026-06-07,2026-06-13
Kaufland,"Jotis Cremilac Пшен. каша мляко 200г, 6+",Млечни продукти,2.48,2.19,2026-06-07,2026-06-13
Kaufland,"Jotis Cremilac пш.овес.каша+мляко200г,6+",Млечни продукти,2.48,2.19,2026-06-07,2026-06-13
Kaufland,Fairy преп.за съдове лимон 2X900мл,Плодове и зеленчуци,5.62,4.99,2026-06-07,2026-06-13
Kaufland,Agiva влажни антибакт.кърпи 15бр.,Основни хранителни продукти,0.66,0.59,2026-06-07,2026-06-13
Kaufland,Kinder Schokolade шок. блокч. Т8 100г,Основни хранителни продукти,1.43,1.29,2026-06-07,2026-06-13
Kaufland,H&S шампоан Citrus Fresh 250 мл,Домакински стоки,3.30,2.99,2026-06-07,2026-06-13
Kaufland,H&S шампоан Classic Clean 250 мл,Домакински стоки,3.30,2.99,2026-06-07,2026-06-13
Kaufland,H&S шампоан Menthol Fresh 250 мл,Домакински стоки,3.30,2.99,2026-06-07,2026-06-13
Kaufland,Veda Оцет ябълков 5% 700ml,Основни хранителни продукти,1.25,1.15,2026-06-07,2026-06-13
Kaufland,Storck Merci шоколад млечен 100 гр,Сладки,3.22,2.99,2026-06-07,2026-06-13
Kaufland,Milki Dream Кашкавал Краве 400г,Млечни продукти,5.52,5.15,2026-06-07,2026-06-13
Fantastiko,Масло Краве Саяна 125 Гр,Млечни продукти,1.84,0.92,2026-06-07,2026-06-13
Fantastiko,Сапун Palmolive Naturals Мед И Мляко 90 Г,Домакински стоки,1.22,0.66,2026-06-07,2026-06-13
Fantastiko,Сапун Palmolive Термал Спа Масажиращ 90 Г,Домакински стоки,1.22,0.66,2026-06-07,2026-06-13
Fantastiko,Макарони Melissa Фусили 500 Гр,Основни хранителни продукти,1.73,0.99,2026-06-07,2026-06-13
Fantastiko,Кус-Кус Melissa 500 Гр,Основни хранителни продукти,1.73,0.99,2026-06-07,2026-06-13
Fantastiko,Шоколад Lz Млечен 36 Гр Каси,Сладки,1.02,0.61,2026-06-07,2026-06-13
Fantastiko,Сирене От Краве Мляко Саяна 400 Гр Вакуум,Млечни продукти,4.24,2.55,2026-06-07,2026-06-13
Fantastiko,Тх Емека Paradise Трипластова Ароматизирана 8 Бр,Домакински стоки,4.17,2.55,2026-06-07,2026-06-13
Fantastiko,Кори Точени Белла Фини 400 Гр,Основни хранителни продукти,2.04,1.27,2026-06-07,2026-06-13
Fantastiko,Лютеница Дерони Домашна 520 Гр Едросмляна Буркан,Консерви,4.09,2.55,2026-06-07,2026-06-13
Fantastiko,Шоколад Млечен Lindt Lindor 100 Г,Сладки,2.99,1.89,2026-06-07,2026-06-13
Fantastiko,Масло Краве Френско President 250 Гр Пакет,Млечни продукти,7.89,4.99,2026-06-07,2026-06-13
Fantastiko,Шампоан Elseve Hyaluron 250 Мл,Домакински стоки,5.57,3.59,2026-06-07,2026-06-13
Fantastiko,Кафе Melitta Exccelent 250 Г Мляно,Напитки,7.66,4.99,2026-06-07,2026-06-13
Fantastiko,Захар 1 Кг Захира Кристал Пакет,Основни хранителни продукти,0.99,0.65,2026-06-07,2026-06-13
Fantastiko,Вино Пенливо La Fiesta 750 Мл,Напитки,2.55,1.69,2026-06-07,2026-06-13
Fantastiko,Кафе Lavazza Crema E Gusto 1 Кг Зърна,Напитки,30.16,19.99,2026-06-07,2026-06-13
Fantastiko,Сирене От Краве Мляко Lacrima По Знп 700 Гр Вакуум Рп,Млечни продукти,8.99,5.99,2026-06-07,2026-06-13
Fantastiko,Лютеница Първомай По Бдс 400 Грбулконс,Основни хранителни продукти,2.98,1.99,2026-06-07,2026-06-13
Fantastiko,Бисквити Обикновени Пти Бьор 225 Гр Пападополус,Сладки,1.22,0.83,2026-06-07,2026-06-13
Fantastiko,Бисквити Обикновени Пти Бьор Пълноз. 225 Гр Пападо,Сладки,1.22,0.83,2026-06-07,2026-06-13
Fantastiko,Лютеница Ф Вкус Едросмляна 560 Гр Буркан,Консерви,2.55,1.79,2026-06-07,2026-06-13
Fantastiko,Брашно Житко Тип 500 1 Кг,Основни хранителни продукти,0.69,0.49,2026-06-07,2026-06-13
Fantastiko,Кроасан Belino Крем Какао 80 Гр,Сладки,0.61,0.45,2026-06-07,2026-06-13
Fantastiko,Мляко Кисело Боженци Знп 2% 400 Гр,Млечни продукти,0.92,0.69,2026-06-07,2026-06-13
Fantastiko,Мляко Кисело Боженци 2.2% 400 Гр,Млечни продукти,0.91,0.69,2026-06-07,2026-06-13
Fantastiko,Паста За Зъби Sensodyne Repair And Protect 75 Мл,Домакински стоки,5.57,4.24,2026-06-07,2026-06-13
Fantastiko,Паста За Зъби Sensodyne Clinical Repair 75 Мл,Домакински стоки,5.57,4.24,2026-06-07,2026-06-13
Fantastiko,Извара Маджаров 350 Гр Рп,Млечни продукти,1.95,1.49,2026-06-07,2026-06-13
Fantastiko,Мляко Кисело Боженци Знп 3.6% 400 Гр,Млечни продукти,0.97,0.75,2026-06-07,2026-06-13
Fantastiko,Мляко Кисело Верея 2% 400 Гр,Млечни продукти,0.84,0.65,2026-06-07,2026-06-13
Fantastiko,Паста За Зъби Colgate Max White One Optic 75 Мл,Домакински стоки,2.76,2.15,2026-06-07,2026-06-13
Fantastiko,Паста За Зъби Colgate Max White Charcoal 75 Мл,Домакински стоки,2.76,2.15,2026-06-07,2026-06-13
Fantastiko,Мляко Прясно Боженци 3.6% 1 Л,Млечни продукти,1.89,1.49,2026-06-07,2026-06-13
Fantastiko,Сирене Краве Боженци Вакуум,Млечни продукти,10.73,8.49,2026-06-07,2026-06-13
Fantastiko,Мляко Прясно Ф Вкус 3% 1 Л Бутилка,Млечни продукти,1.43,1.14,2026-06-07,2026-06-13
Fantastiko,Кашкавал От Краве Мляко Боженци 400 Гр,Млечни продукти,6.13,4.89,2026-06-07,2026-06-13
Fantastiko,Кашкавал От Краве Мляко Ф Вкус 400 Гр Вакуум,Млечни продукти,3.57,2.85,2026-06-07,2026-06-13
Fantastiko,Наденица Лионска Леки Варено-Пушена 400 Гр Вакуум,Месо и риба,3.83,3.06,2026-06-07,2026-06-13
Fantastiko,Шампоан Head & Shoulders Menthol Fresh 330 Мл,Домакински стоки,5.11,4.09,2026-06-07,2026-06-13
Fantastiko,Масло Краве Deutsche Markenbutter Крави 125 Гр,Млечни продукти,1.85,1.49,2026-06-07,2026-06-13
Fantastiko,Паста За Зъби Aquafresh Фреш Енд Минти 125 Мл,Домакински стоки,2.55,2.09,2026-06-07,2026-06-13
Fantastiko,Лютеница Първомай 525 Гр Буркан Булконс,Консерви,3.28,2.69,2026-06-07,2026-06-13
Fantastiko,Вино Черга Бяло 750 Мл Домейн Менада,Напитки,7.15,5.99,2026-06-07,2026-06-13
Fantastiko,Вино Сира Черга Фрагмент 750 Мл,Напитки,7.15,5.99,2026-06-07,2026-06-13
Fantastiko,Вино Черга Червено 750 Мл Домейн Менада,Напитки,7.15,5.99,2026-06-07,2026-06-13
Fantastiko,Лютеница Велика Домашна Едросмляна 515 Гр,Основни хранителни продукти,6.13,5.15,2026-06-07,2026-06-13
Fantastiko,Ракия Сунгурларска Гроздова Класик 700 Мл,Основни хранителни продукти,10.15,8.59,2026-06-07,2026-06-13
Fantastiko,Чай Биопрограма Мента И Маточина 20Бр Х 1.5Г,Напитки,1.25,1.06,2026-06-07,2026-06-13
Fantastiko,Чай Биопрограма Лайка 20 Бр Х 1 Г Кутия,Напитки,1.12,0.95,2026-06-07,2026-06-13
Fantastiko,Чай Биопрограма Мента 20 Бр Х 1.5 Г Кутия,Напитки,1.12,0.95,2026-06-07,2026-06-13
Fantastiko,Олио Слънчогледово Шарлан 1 Л Рет,Основни хранителни продукти,4.34,3.69,2026-06-07,2026-06-13
Fantastiko,Ракия Пещерска Гроздова 700 Мл,Основни хранителни продукти,8.19,6.99,2026-06-07,2026-06-13
Fantastiko,Наденички Луканкови Удивителни 200 Гр Вакуум Бони,Плодове и зеленчуци,2.55,2.19,2026-06-07,2026-06-13
Fantastiko,Бисквити Роден Край Обикновени 190 Гр,Сладки,1.15,1.00,2026-06-07,2026-06-13
Fantastiko,Мляко Прясно Маджаров 3.6% 1 Л Бутилка,Млечни продукти,2.04,1.79,2026-06-07,2026-06-13
Fantastiko,Паста За Зъби Sensodyne Whitening 75 Мл,Домакински стоки,4.09,3.59,2026-06-07,2026-06-13
Fantastiko,Паста За Зъби Sensodyne Advanced Clean 75 Мл,Домакински стоки,4.09,3.59,2026-06-07,2026-06-13
Fantastiko,Вино Мерло 750 Мл Енира,Напитки,10.22,8.99,2026-06-07,2026-06-13
Fantastiko,Бисквити Обикновени Детство Мое 200 Гр Кармела,Сладки,1.12,0.99,2026-06-07,2026-06-13
Fantastiko,Бисквити Обикновени Житен Дар 120 Гр,Сладки,0.84,0.75,2026-06-07,2026-06-13
Fantastiko,Чай Twinings Infuso Лайка Мед Ванилия 20 Бр Х 1.5 Г Кутия,Напитки,5.57,4.99,2026-06-07,2026-06-13
Fantastiko,Кори Точени Ф Вкус 400 Гр,Основни хранителни продукти,1.17,1.05,2026-06-07,2026-06-13
Fantastiko,Кафе Lavazza Декофеиново 250 Г Мляно Вакуум 202,Напитки,10.22,9.19,2026-06-07,2026-06-13
Fantastiko,Кафе Lavazza Qualita Oro 250 Г Мляно Вакуум 161,Напитки,9.66,8.69,2026-06-07,2026-06-13
Fantastiko,Кафе Lavazza Еспресо 100% Арабика 250 Г Мляно 148,Напитки,9.66,8.69,2026-06-07,2026-06-13
Fantastiko,Сапун Palmolive Naturals Лайка/Мляко И Овес 90 Г,Домакински стоки,1.22,0.66,2026-06-07,2026-06-13
Fantastiko,Спагети Melissa Номер 10 500 Гр,Основни хранителни продукти,1.73,0.99,2026-06-07,2026-06-13
Fantastiko,Макарони Melissa Пене Ригате 500 Гр,Основни хранителни продукти,1.73,0.99,2026-06-07,2026-06-13
Fantastiko,Лютеница Дерони Едросмляна Без Захар 500 Гр,Основни хранителни продукти,4.09,2.55,2026-06-07,2026-06-13
Fantastiko,Паста За Зъби Sensodyne Clinical Repair White 75 Мл,Домакински стоки,5.57,4.24,2026-06-07,2026-06-13
Fantastiko,Кашкавал От Краве Мляко Хаджийски Насипен Рп Б-Я,Млечни продукти,12.69,9.79,2026-06-07,2026-06-13
Fantastiko,Мляко Кисело Каймакани Фермерско 3.6% 400 Гр Farm,Млечни продукти,0.87,0.69,2026-06-07,2026-06-13
Fantastiko,Кафе Tchibo Gold Selection 250 Г Мляно,Напитки,7.90,6.29,2026-06-07,2026-06-13
Fantastiko,Вино Пино Ноар Форт Шато Бургозоне 750 Мл,Напитки,7.41,6.19,2026-06-07,2026-06-13
Fantastiko,Маслин. Масло От Маслиново Кюспе Clemente 1 Л Import,Млечни продукти,5.79,4.89,2026-06-07,2026-06-13
Fantastiko,Кроасан Iq Крем Лешник И Какао 110 Гр,Сладки,0.92,0.82,2026-06-07,2026-06-13
Fantastiko,Олио Слънчогледово Папас 1 Л Рет,Основни хранителни продукти,2.04,1.89,2026-06-07,2026-06-13
Fantastiko,Кафе Tchibo Ексклузив 250 Г Мляно,Напитки,8.69,6.49,2026-06-07,2026-06-13
Fantastiko,Паста За Зъби Astera Пародонт 75 Мл Арома,Домакински стоки,3.06,2.29,2026-06-07,2026-06-13
Fantastiko,Кашкавал От Краве Мляко Саяна Бдс 400 Гр Вакуум,Млечни продукти,6.89,5.85,2026-06-07,2026-06-13
Fantastiko,Бисквити Обикновени Изгрев Победа 182 Гр,Сладки,0.97,0.87,2026-06-07,2026-06-13
Fantastiko,Кроасан Чипикао 60 Гр Чипита 1190731,Основни хранителни продукти,0.89,0.80,2026-06-07,2026-06-13
Fantastiko,Сапун Palmolive Naturals Алое И Маслина 90 Г,Домакински стоки,1.22,0.66,2026-06-07,2026-06-13
Fantastiko,Кърпи Чисто Фреш Антибакт. 64 Бр,Основни хранителни продукти,2.36,1.45,2026-06-07,2026-06-13
Fantastiko,Грах Дерони Сладък Млечен 400 Гр Консерва,Консерви,1.78,1.29,2026-06-07,2026-06-13
Fantastiko,Кроасан Belino Череша 80 Гр,Основни хранителни продукти,0.61,0.45,2026-06-07,2026-06-13
Fantastiko,Паста За Зъби Sensodyne Complete Protection 75 Мл,Домакински стоки,5.57,4.24,2026-06-07,2026-06-13
Fantastiko,Паста За Зъби Colgate Max White One 75 Мл,Домакински стоки,2.76,2.15,2026-06-07,2026-06-13
Fantastiko,Макарони Ф Вкус Спирали Малки 400 Гр,Основни хранителни продукти,0.61,0.48,2026-06-07,2026-06-13
Fantastiko,Фиде Ф Вкус 400 Гр,Основни хранителни продукти,0.61,0.48,2026-06-07,2026-06-13
Fantastiko,Кафе Bianchi Famiglia Doro Classic 250 Г Мляно,Напитки,4.80,3.89,2026-06-07,2026-06-13
Fantastiko,Кафе Bianchi Nero Crema Aroma 250 Г Мляно,Напитки,4.09,3.35,2026-06-07,2026-06-13
Fantastiko,Вино Совиньон Блан Форт Шато Бургозоне 750 Мл,Напитки,7.41,6.19,2026-06-07,2026-06-13
Fantastiko,Спагети Barilla 100% Пълнозърнести №5 500 Гр,Основни хранителни продукти,2.40,2.09,2026-06-07,2026-06-13
Fantastiko,Кафе Kimbo Classico 250 Г Мляно Вакуум,Напитки,7.05,6.29,2026-06-07,2026-06-13
Fantastiko,Бисквити Житен Дар Petit Beurre 120 Гр,Сладки,0.86,0.77,2026-06-07,2026-06-13
Fantastiko,Вино Добра Година Совиньон Блан 750 Мл Меди Валей,Напитки,6.13,5.49,2026-06-07,2026-06-13
Fantastiko,Кроасани Мини 7 Days Шоколад 60 Гр Чипита,Сладки,0.89,0.80,2026-06-07,2026-06-13
Fantastiko,Паста За Зъби Sensodyne Repair & Protect Избелваща 75 Мл,Домакински стоки,5.57,4.24,2026-06-07,2026-06-13
T Market,Краставици България кг.ОПС,Плодове и зеленчуци,3.32,1.39,2026-06-07,2026-06-13
T Market,"Банани, Еквадор, кг.(Клас I)",Плодове и зеленчуци,1.84,1.39,2026-06-07,2026-06-13
T Market,Прясно мляко ВЕРЕЯ 3% 1л,Млечни продукти,1.56,1.35,2026-06-07,2026-06-13
T Market,Кисело мляко ЕЛИ 2% 370 г,Млечни продукти,0.72,0.45,2026-06-07,2026-06-13
T Market,"Кисело мляко НА ХОРОТО 2%, 400гр",Млечни продукти,0.49,0.45,2026-06-07,2026-06-13
T Market,Кисело мляко ВЕРЕЯ 2% 400гр,Млечни продукти,0.73,0.65,2026-06-07,2026-06-13
T Market,Прясно мляко САЯНА 3% 1л,Млечни продукти,1.66,1.45,2026-06-07,2026-06-13
T Market,Кроасан 7DAYS max крем брюле 92гр,Сладки,0.81,0.61,2026-06-07,2026-06-13
T Market,Олио EXTRA LINE слънчогледово 1л,Основни хранителни продукти,1.68,1.49,2026-06-07,2026-06-13
T Market,Вода БАНКЯ минерална 1.5л,Напитки,0.66,0.49,2026-06-07,2026-06-13
T Market,Кисело мляко ЕЛБИ 3.6% БДС 400гр,Млечни продукти,0.90,0.85,2026-06-07,2026-06-13
T Market,"Ябълки Златни,Полша кг.(Клас I )",Плодове и зеленчуци,2.04,1.09,2026-06-07,2026-06-13
T Market,Баничка пура със сирене ТТ бр,Млечни продукти,0.61,0.30,2026-06-07,2026-06-13
T Market,"Кр.масло DEUTSCHE MARKENBUTTER кр.,250гр",Млечни продукти,3.68,2.69,2026-06-07,2026-06-13
T Market,Шоколад МЛЕЧЕН 80гр,Сладки,1.08,0.85,2026-06-07,2026-06-13
T Market,Кроасан ELMAS шок&ван 60гр,Основни хранителни продукти,0.51,0.45,2026-06-07,2026-06-13
T Market,Брашно СОФИЯ МЕЛ eкстра 1 кг,Основни хранителни продукти,1.15,0.99,2026-06-07,2026-06-13
T Market,Кроасан 7DAYS Double ванилия&ягода 92гр,Основни хранителни продукти,0.81,0.61,2026-06-07,2026-06-13
T Market,Мокри кърпи BABY CREMA Play time 72бр,Основни хранителни продукти,1.38,1.19,2026-06-07,2026-06-13
T Market,Прясно мляко MIZO 3.5% 1л,Млечни продукти,1.47,1.29,2026-06-07,2026-06-13
T Market,Извара OLYMPUS 400гр,Млечни продукти,1.89,1.69,2026-06-07,2026-06-13
T Market,"Свежо сирене ЧИФЛИКА кутия,кг",Млечни продукти,5.52,3.49,2026-06-07,2026-06-13
T Market,Препарат за съдове FEYA Apple 400мл,Домакински стоки,1.02,0.85,2026-06-07,2026-06-13
T Market,Кроасан ELMAS ван&череша 60г,Основни хранителни продукти,0.51,0.45,2026-06-07,2026-06-13
T Market,Препарат за съдове FEYA Magnolia 400мл,Домакински стоки,1.02,0.85,2026-06-07,2026-06-13
T Market,Краве сирене ВЕРЕЯ 400г,Млечни продукти,4.26,3.62,2026-06-07,2026-06-13
T Market,Макарони EXTRA LINE спирали 400г,Основни хранителни продукти,0.64,0.55,2026-06-07,2026-06-13
T Market,"Пиле МЕСНИ ИЗКУШЕНИЯ, тар.,кг",Месо и риба,3.57,2.89,2026-06-07,2026-06-13
T Market,Кроасан 7DAYS мини какао 60гр,Основни хранителни продукти,0.92,0.79,2026-06-07,2026-06-13
T Market,"Кашкавал от краве мляко КЕНАНА,вак.кг",Млечни продукти,6.44,5.99,2026-06-07,2026-06-13
T Market,Краве сирене САЯНА 400гр,Млечни продукти,4.04,2.39,2026-06-07,2026-06-13
T Market,Сапун ТЕО Bouquet Mystic 70гр,Домакински стоки,0.59,0.49,2026-06-07,2026-06-13
T Market,Бисквити РОДЕН КРАЙ обикновени 190г,Сладки,1.12,0.84,2026-06-07,2026-06-13
T Market,Кисело мляко ЙОАННА 2% 400 г,Млечни продукти,0.73,0.65,2026-06-07,2026-06-13
T Market,Краве сирене ЕЛБИ 400г,Млечни продукти,5.70,5.15,2026-06-07,2026-06-13
T Market,Св. врат без кост пр. Испания вак. кг,Основни хранителни продукти,8.18,4.59,2026-06-07,2026-06-13
T Market,Кроасан 7DAYS max Лешник 92гр,Основни хранителни продукти,0.81,0.61,2026-06-07,2026-06-13
T Market,Преп. за съдове ЕХО Балсам Люляк 400мл,Основни хранителни продукти,2.14,1.61,2026-06-07,2026-06-13
T Market,Мокри кърпи БОЧКО памук/лав. капак 84бр,Основни хранителни продукти,1.97,1.49,2026-06-07,2026-06-13
T Market,Кроасан 7DAYS Double какао&ванилия 92гр,Основни хранителни продукти,0.81,0.61,2026-06-07,2026-06-13
T Market,Кисело мляко САЯНА 2% 400гр,Млечни продукти,0.73,0.59,2026-06-07,2026-06-13
T Market,Преп. за съдове ЕХО Балсам Лайка 400мл,Основни хранителни продукти,2.14,1.61,2026-06-07,2026-06-13
T Market,Сапун ТЕО Bouquet Romantic 70гр,Домакински стоки,0.59,0.49,2026-06-07,2026-06-13
T Market,Краве сирене ВЕРЕЯ 200г,Млечни продукти,2.79,2.37,2026-06-07,2026-06-13
T Market,Макарони EXTRA LINE 400г,Основни хранителни продукти,0.64,0.55,2026-06-07,2026-06-13
T Market,Салам KOSTELEC Ловджийски 500гр,Месо и риба,8.18,6.69,2026-06-07,2026-06-13
T Market,Св.врат без кост нас.кг пр.Испания,Основни хранителни продукти,8.18,4.59,2026-06-07,2026-06-13
T Market,Кашкавал от краве мляко МЕРОНЕ 200гр,Млечни продукти,3.21,2.99,2026-06-07,2026-06-13
T Market,Тоал.хартия EMEKA Paradise 3пл 8бр,Основни хранителни продукти,4.37,3.49,2026-06-07,2026-06-13
T Market,Вино QUANTUM Совиньон Блан 750мл,Напитки,5.52,4.79,2026-06-07,2026-06-13
T Market,Бисквити РОДЕН КРАЙ обикновени 120г,Сладки,0.84,0.63,2026-06-07,2026-06-13
T Market,Мокри кърпи БОЧКО Памук/Смр. капак 84бр,Основни хранителни продукти,1.97,1.49,2026-06-07,2026-06-13
T Market,Лютеница ПЪРВОМАЙСКИ ОРКЕСТЪР 560г,Основни хранителни продукти,2.43,1.99,2026-06-07,2026-06-13
T Market,Краве сирене LACRIMA ЗНП 700гр,Млечни продукти,8.00,7.39,2026-06-07,2026-06-13
T Market,Краве сирене ВЕРЕЯ 700г,Млечни продукти,7.37,6.26,2026-06-07,2026-06-13
T Market,Ракия КАРНОБАТСКА гроздова 40% 700мл,Основни хранителни продукти,6.89,5.89,2026-06-07,2026-06-13
T Market,Паста за зъбиCOLGATE triple action 75мл,Домакински стоки,1.61,1.15,2026-06-07,2026-06-13
T Market,Св.плешка без кост нас.кг пр. Испания,Основни хранителни продукти,6.42,3.35,2026-06-07,2026-06-13
T Market,Тоалетна хартия MALIVA Romance 8бр 3пл,Домакински стоки,3.81,3.05,2026-06-07,2026-06-13
T Market,Препарат за съдове MEDIX apple 500мл,Домакински стоки,1.02,0.77,2026-06-07,2026-06-13
T Market,Кашкавал от краве мляко САЯНА 400гр,Млечни продукти,5.75,4.59,2026-06-07,2026-06-13
T Market,Маслини черни без кост. 181-230 нас.кг,Основни хранителни продукти,8.69,6.95,2026-06-07,2026-06-13
T Market,Маслини черни Турски Услу 301-360 нас.кг,Основни хранителни продукти,6.31,5.05,2026-06-07,2026-06-13
T Market,Кафе SANTOS Nova мляно 200 гр,Напитки,2.60,2.35,2026-06-07,2026-06-13
T Market,Св. плешка без кост пр. Испания вак.кг,Основни хранителни продукти,6.42,3.35,2026-06-07,2026-06-13
T Market,"Пиле тарелка охл, кг",Месо и риба,3.57,2.89,2026-06-07,2026-06-13
T Market,Краве сирене БУЛГАРЧЕ 400 гр.,Млечни продукти,5.52,4.99,2026-06-07,2026-06-13
T Market,"Кр.масло DEUTSCHE MARKENBUTTER ор.,250гр",Млечни продукти,3.58,1.69,2026-06-07,2026-06-13
T Market,Кашкавал от кр. мляко LACRIMA БДС 400гр,Млечни продукти,6.89,5.99,2026-06-07,2026-06-13
T Market,Варен колбас ФЕРМАТА 800 г,Месо и риба,3.93,2.19,2026-06-07,2026-06-13
T Market,Краве сирене DURRA TERRA 800гр тенекия,Млечни продукти,8.74,8.19,2026-06-07,2026-06-13
T Market,Спагети BARILLA No5 500г,Основни хранителни продукти,1.87,1.19,2026-06-07,2026-06-13
T Market,Кашкавал от краве мляко ЕЛИ нас. кг,Млечни продукти,8.64,5.69,2026-06-07,2026-06-13
T Market,Препарат за съдове MEDIX cl. orchid 500м,Домакински стоки,1.02,0.77,2026-06-07,2026-06-13
T Market,Лютеница ДЕРОНИКО 520гр,Основни хранителни продукти,3.57,2.99,2026-06-07,2026-06-13
T Market,"Кашкавал от краве мляко ЧИФЛИКА, 400г",Млечни продукти,4.60,4.19,2026-06-07,2026-06-13
T Market,Маслини черни Колосал 121-140 нас.кг,Основни хранителни продукти,5.69,4.55,2026-06-07,2026-06-13
T Market,Точени кори BELLA 400гр,Основни хранителни продукти,2.04,1.39,2026-06-07,2026-06-13
T Market,Паста за зъби COLGATE Whitening 75мл,Домакински стоки,1.61,1.15,2026-06-07,2026-06-13
T Market,Колбас ДЕЛИКАТЕС ЖИТНИЦА Хамбур. нас.кг,Месо и риба,7.66,5.19,2026-06-07,2026-06-13
T Market,Преп.за съд. MEDIX PB Lilac 415мл,Основни хранителни продукти,1.63,1.22,2026-06-07,2026-06-13
T Market,Кафе на зърна BIANCHI NERO CREMA AROM1кг,Напитки,16.46,15.59,2026-06-07,2026-06-13
T Market,Краве сирене МАДЖАРОВ натрошено 900 гр,Млечни продукти,7.82,6.65,2026-06-07,2026-06-13
T Market,Краве сирене ВЕРЕЯ кут.400гр,Млечни продукти,5.18,4.40,2026-06-07,2026-06-13
T Market,Кафе LAVAZZA Suerte зърна 1кг,Напитки,18.25,17.29,2026-06-07,2026-06-13
T Market,Паста за зъби ELMEX Sensitive 75 мл,Домакински стоки,4.45,3.56,2026-06-07,2026-06-13
T Market,Преп.за съд. MEDIX C&E Apple&Pine 800мл,Основни хранителни продукти,2.70,2.03,2026-06-07,2026-06-13
T Market,Тоал.хартия EMEKA MountainFresh 3пл 8бр,Основни хранителни продукти,4.37,3.49,2026-06-07,2026-06-13
T Market,Кафе BIANCHI Fam.D'oro Intense 1 кг,Напитки,14.65,13.99,2026-06-07,2026-06-13
T Market,Четка за зъби COLGATE Extra Clean 2бр,Домакински стоки,1.82,1.15,2026-06-07,2026-06-13
T Market,Брашно МЕЛКО тип 500 1кг,Основни хранителни продукти,0.97,0.75,2026-06-07,2026-06-13
T Market,Тоал.хартия MALIVA Atlantic 3пл 8бр,Основни хранителни продукти,3.81,3.05,2026-06-07,2026-06-13
T Market,Кашкавал ВЕРЕЯ 200г,Млечни продукти,3.56,3.03,2026-06-07,2026-06-13
T Market,"Бяло саламурено сирене БУЛГАРЧЕ,кг",Млечни продукти,8.28,5.59,2026-06-07,2026-06-13
T Market,Преп.за съд. MEDIX MPG Apple 415мл,Основни хранителни продукти,1.15,0.86,2026-06-07,2026-06-13
T Market,Препарат за съдове PUR Lemon 750мл,Домакински стоки,2.43,1.82,2026-06-07,2026-06-13
T Market,Препарат за съдове FAIRY Lemon 450мл,Домакински стоки,2.17,1.63,2026-06-07,2026-06-13
T Market,Сапун ТЕО БЕБЕ Lavender 75гр,Домакински стоки,1.15,0.99,2026-06-07,2026-06-13
T Market,Препарат за съдове FAIRY Lemon 900мл,Домакински стоки,4.01,2.85,2026-06-07,2026-06-13
T Market,Препарат за съдове FAIRY Pom.&Oran.450мл,Домакински стоки,2.17,1.63,2026-06-07,2026-06-13
Metro,Шпек Бургас Еко Мес Вак.,Месо и риба,3.22,1.50,2026-06-07,2026-06-13
Metro,Сух Шпек Еко Мес Вакуум,Месо и риба,3.22,1.50,2026-06-07,2026-06-13
Metro,Шпек Търново Еко Мес Вак.,Месо и риба,3.22,1.50,2026-06-07,2026-06-13
Metro,1Кг Кафе Lavazza Крема Г.Форте,Напитки,35.78,17.89,2026-06-07,2026-06-13
Metro,1Кг Кафе Melitta Espr З.Cr.Int,Напитки,33.74,17.18,2026-06-07,2026-06-13
Metro,1Кг Кафе Melitta Зърна Esp.Int,Напитки,33.74,17.18,2026-06-07,2026-06-13
Metro,Шоколад Lacmi Млечен,Сладки,1.69,0.90,2026-06-07,2026-06-13
Metro,Ш-Д Lacmi,Основни хранителни продукти,1.69,0.90,2026-06-07,2026-06-13
Metro,Ш-Д Lacmi Млеч.Пълн/Бискв,Основни хранителни продукти,1.69,0.90,2026-06-07,2026-06-13
Metro,Lacmi Аеро Мл.Пълн/Хр.Парч,Основни хранителни продукти,1.69,0.90,2026-06-07,2026-06-13
Metro,Ш-Д Lacmi Кокос И Бадем,Основни хранителни продукти,1.69,0.90,2026-06-07,2026-06-13
Metro,Кашкавал Пита Milki Dr.,Млечни продукти,5.51,2.96,2026-06-07,2026-06-13
Metro,Пз Aquafresh,Основни хранителни продукти,2.14,1.17,2026-06-07,2026-06-13
Metro,0.75Л Мезек Мерло,Основни хранителни продукти,7.21,4.00,2026-06-07,2026-06-13
Metro,Беб.Сапун Teo Бебе,Домакински стоки,1.02,0.57,2026-06-07,2026-06-13
Metro,1Кг Червена Леща Mc,Основни хранителни продукти,3.06,1.73,2026-06-07,2026-06-13
Metro,~1.4Кг Колбас Хамбургски Делик,Месо и риба,7.66,4.34,2026-06-07,2026-06-13
Metro,~1Кг Пил.Пуш. Кренвирши Градус,Месо и риба,4.03,2.29,2026-06-07,2026-06-13
Metro,Колбас Хамбурски Народен,Месо и риба,2.54,1.45,2026-06-07,2026-06-13
Metro,Колбас Телешки Народен,Месо и риба,2.54,1.45,2026-06-07,2026-06-13
Metro,Колбас Камчия Народен,Месо и риба,2.54,1.45,2026-06-07,2026-06-13
Metro,Ш-Д Милка,Основни хранителни продукти,1.99,1.14,2026-06-07,2026-06-13
Metro,Ш-Д Милка Орео Сандвич,Основни хранителни продукти,1.99,1.14,2026-06-07,2026-06-13
Metro,Ш-Д Милка Балончета Млеч,Основни хранителни продукти,1.99,1.14,2026-06-07,2026-06-13
Metro,Ш-Д Милка Балончета Бял,Основни хранителни продукти,1.99,1.14,2026-06-07,2026-06-13
Metro,Ш-Д Милка Орео,Основни хранителни продукти,1.99,1.14,2026-06-07,2026-06-13
Metro,Ш-Д Милка Крем Бисквита,Сладки,1.99,1.14,2026-06-07,2026-06-13
Metro,Ш-Д Милка Бял,Основни хранителни продукти,1.99,1.14,2026-06-07,2026-06-13
Metro,Ш-Д Милка Млечен,Основни хранителни продукти,1.99,1.14,2026-06-07,2026-06-13
Metro,Ш-Д Милка Biscoff,Основни хранителни продукти,1.99,1.14,2026-06-07,2026-06-13
Metro,Ш-Д Милка Сандвич Tuc,Основни хранителни продукти,1.99,1.14,2026-06-07,2026-06-13
Metro,Паста Зъби Lacalut,Основни хранителни продукти,4.99,2.86,2026-06-07,2026-06-13
Metro,П.За Зъби Lacalut,Основни хранителни продукти,4.99,2.86,2026-06-07,2026-06-13
Metro,Пз Lacalut Multi-Effect P,Основни хранителни продукти,4.99,2.86,2026-06-07,2026-06-13
Metro,1Кг Кафе Едушо Еспр.,Напитки,26.07,14.99,2026-06-07,2026-06-13
Metro,1Кг Кафе Едушо Крема Стронг Зъ,Напитки,26.07,14.99,2026-06-07,2026-06-13
Metro,Черен Боб Мс Консерва,Консерви,1.46,0.84,2026-06-07,2026-06-13
Metro,Краве Масло Саяна,Млечни продукти,4.34,2.50,2026-06-07,2026-06-13
Metro,~3Кг Кренвирш Пилешки Aro,Месо и риба,3.68,2.12,2026-06-07,2026-06-13
Metro,1Кг Кафе Лаваца Крема Е Ар.Зър,Напитки,39.88,23.00,2026-06-07,2026-06-13
Metro,~1Кг Салам Камчия Деликатес,Месо и риба,6.59,3.83,2026-06-07,2026-06-13
Metro,Обикн.Бискв.С Краве Масло,Млечни продукти,1.22,0.71,2026-06-07,2026-06-13
Metro,Бисквити Чаени,Сладки,1.22,0.71,2026-06-07,2026-06-13
Metro,Ш-Д Рошен Аеро Млечен,Основни хранителни продукти,1.39,0.81,2026-06-07,2026-06-13
Metro,Шоколад Рошен Аеро Бял,Сладки,1.39,0.81,2026-06-07,2026-06-13
Metro,Davidoff Кафе,Напитки,11.75,6.89,2026-06-07,2026-06-13
Metro,Маслен Боб Aro,Основни хранителни продукти,1.48,0.87,2026-06-07,2026-06-13
Metro,1Кг Кафе Крема Tchibo Бар.Зърн,Напитки,34.76,20.44,2026-06-07,2026-06-13
Metro,Ш-Д Милка Лешници,Основни хранителни продукти,2.09,1.23,2026-06-07,2026-06-13
Metro,Ш-Д Милка Лешн/Стаф,Основни хранителни продукти,2.09,1.23,2026-06-07,2026-06-13
Metro,Ш-Д Милка Цял Лешник,Основни хранителни продукти,2.09,1.23,2026-06-07,2026-06-13
Metro,Пз Sensodyne Cli. Repair,Основни хранителни продукти,7.20,4.24,2026-06-07,2026-06-13
Metro,Пз Sеnsodyne Cl.Rep.White,Основни хранителни продукти,7.20,4.24,2026-06-07,2026-06-13
Metro,"~1,1Кг Макед.Наденица Деликате",Месо и риба,9.20,5.42,2026-06-07,2026-06-13
Metro,~2Кг Кренвирши Aro Вар.-Пушени,Месо и риба,3.88,2.29,2026-06-07,2026-06-13
Metro,Пз Lacalut Aktiv+Балсам,Основни хранителни продукти,4.83,2.86,2026-06-07,2026-06-13
Metro,Б-Ти Масленки Sweet Plus,Основни хранителни продукти,1.79,1.06,2026-06-07,2026-06-13
Metro,250Г.Мляно Кафе Или,Напитки,13.49,8.01,2026-06-07,2026-06-13
Metro,Мл.Кафе Или Без Кофеин,Напитки,13.49,8.01,2026-06-07,2026-06-13
Metro,~250Г Сланина Кен Кожа,Основни хранителни продукти,8.99,5.34,2026-06-07,2026-06-13
Metro,Детска Пз Lacalut,Основни хранителни продукти,4.77,2.86,2026-06-07,2026-06-13
Metro,1Кг Кафе Якобс Барист.,Напитки,28.63,17.18,2026-06-07,2026-06-13
Metro,Шок.Roshen Nut Out,Основни хранителни продукти,1.88,1.14,2026-06-07,2026-06-13
Metro,Макарони Стелини Melissa,Основни хранителни продукти,1.63,0.99,2026-06-07,2026-06-13
Metro,Макарони Кончилете Meliss,Основни хранителни продукти,1.63,0.99,2026-06-07,2026-06-13
Metro,Макарони Melissa,Основни хранителни продукти,1.63,0.99,2026-06-07,2026-06-13
Metro,Спагети Melissa,Основни хранителни продукти,1.63,0.99,2026-06-07,2026-06-13
Metro,Спагети Melissa Лингуини,Основни хранителни продукти,1.63,0.99,2026-06-07,2026-06-13
Metro,Немско Кр. Масло Dmb 82%,Млечни продукти,3.85,2.35,2026-06-07,2026-06-13
Metro,Колбас Телешки Кен,Месо и риба,2.75,1.68,2026-06-07,2026-06-13
Metro,Колбас Камчия Кен,Месо и риба,2.75,1.68,2026-06-07,2026-06-13
Metro,Грах Aro,Основни хранителни продукти,0.98,0.60,2026-06-07,2026-06-13
Metro,Масло Маркенбутер 82%,Млечни продукти,3.78,2.33,2026-06-07,2026-06-13
Metro,Кр.Масло Dmb Ростар,Млечни продукти,2.20,1.36,2026-06-07,2026-06-13
Metro,Кафе Лаваца Безкоф.Мляно,Напитки,10.39,6.43,2026-06-07,2026-06-13
Metro,Кисело Мляко Vedrare 2.0,Млечни продукти,0.95,0.59,2026-06-07,2026-06-13
Metro,Зелен Грах Aro,Плодове и зеленчуци,1.80,1.12,2026-06-07,2026-06-13
Metro,Салам Търново Макс,Месо и риба,8.53,5.31,2026-06-07,2026-06-13
Metro,Sensodyne Adv Wht Deep Cl,Основни хранителни продукти,6.80,4.24,2026-06-07,2026-06-13
Metro,Краве Сирене Саяна Вакуум,Млечни продукти,4.49,2.80,2026-06-07,2026-06-13
Metro,Кашкавал Кр.Мляко Наборъ,Млечни продукти,10.22,6.38,2026-06-07,2026-06-13
Metro,1Л Маслиново Масло Monini Ev,Млечни продукти,15.98,9.98,2026-06-07,2026-06-13
Metro,1Л Масл. Маслo Monini Del. Ev,Основни хранителни продукти,15.98,9.98,2026-06-07,2026-06-13
Metro,1Кг Кафе Якобс Монарх Зърна,Напитки,22.86,14.30,2026-06-07,2026-06-13
Metro,1Кг Боб Бългaрски Имало Едно В,Основни хранителни продукти,3.83,2.40,2026-06-07,2026-06-13
Metro,~1Кг Кренвирши Деликатес,Месо и риба,7.55,4.74,2026-06-07,2026-06-13
Metro,"~1,2Кг Крен.Хот-Дог Дел.Ж.Бел.",Основни хранителни продукти,7.82,4.91,2026-06-07,2026-06-13
Metro,0.75Л Сталион Класик Ейнджълс,Основни хранителни продукти,13.80,8.69,2026-06-07,2026-06-13
Metro,Кисело Мляко Балкан 3.6%,Млечни продукти,0.98,0.62,2026-06-07,2026-06-13
Metro,Ш-Д Lacmi Млеч. 30% Ц.Баде,Основни хранителни продукти,1.88,1.19,2026-06-07,2026-06-13
Metro,Ш-Д Lacmi Млеч. 30% Ц.Лешн,Основни хранителни продукти,1.88,1.19,2026-06-07,2026-06-13
Metro,Кисело Мляко Меггле 3.6%,Млечни продукти,0.96,0.61,2026-06-07,2026-06-13
Metro,Обикн.Бисквити Роден Край,Сладки,1.07,0.68,2026-06-07,2026-06-13
Metro,Шунка Кен,Месо и риба,3.58,2.28,2026-06-07,2026-06-13
Metro,Немско Масло,Млечни продукти,4.49,2.86,2026-06-07,2026-06-13
Metro,Краве Кашкавал Саяна,Млечни продукти,9.50,6.07,2026-06-07,2026-06-13
Metro,Крем Сапун Dove,Домакински стоки,1.14,0.73,2026-06-07,2026-06-13
Metro,Крем Сапун Dove Replenish,Домакински стоки,1.14,0.73,2026-06-07,2026-06-13
Metro,Крем Сапун Pampering Dove,Домакински стоки,1.14,0.73,2026-06-07,2026-06-13
Metro,"~1,8Кг Пилешка Шунка Пушена Мс",Месо и риба,9.68,6.20,2026-06-07,2026-06-13
CBA,Грах Зелен Фамилекс 400Гр,Плодове и зеленчуци,0.97,0.75,2026-06-07,2026-06-13
CBA,Оцет Винен Акцент 700Мл,Основни хранителни продукти,1.02,0.59,2026-06-07,2026-06-13
CBA,Оцет Ябълков Акцент 700Мл,Основни хранителни продукти,1.02,0.69,2026-06-07,2026-06-13
CBA,Прясно Мляко Балкан 3% 1Л Бутилка,Млечни продукти,2.04,1.39,2026-06-07,2026-06-13
CBA,Кашкавал Краве Лесидрен Пушен 200Гр Вакуум,Млечни продукти,3.57,2.55,2026-06-07,2026-06-13
CBA,Бира Бургаско Светло 2Л,Напитки,1.78,1.32,2026-06-07,2026-06-13
CBA,Кори За Баница Тракийски 400Гр,Хляб и тестени,1.53,1.15,2026-06-07,2026-06-13
CBA,Бира Болярка Светло 2Л,Напитки,1.48,1.17,2026-06-07,2026-06-13
CBA,Масло Краве Белииса 200Гр,Млечни продукти,2.25,1.79,2026-06-07,2026-06-13
CBA,Прясно Мляко Божана 3% 1Л Ухт,Млечни продукти,1.53,1.29,2026-06-07,2026-06-13
CBA,Брашно София Мел Екстра 1Кг,Основни хранителни продукти,1.17,0.99,2026-06-07,2026-06-13
CBA,Домати На Кубчета Нови 400Гр,Плодове и зеленчуци,1.22,0.75,2026-06-07,2026-06-13
CBA,Кафе Сегафредо Интермецо 250Гр,Напитки,6.13,4.29,2026-06-07,2026-06-13
CBA,Кашкавал Краве Сакарела 400Гр Вакуум,Млечни продукти,5.52,3.89,2026-06-07,2026-06-13
CBA,Сол Трапезна Перла 1Кг,Основни хранителни продукти,0.40,0.29,2026-06-07,2026-06-13
CBA,Бисквити Роден Край Обикновени 120Гр,Сладки,0.81,0.59,2026-06-07,2026-06-13
CBA,Боб Бял Акцент 570Гр Буркан,Консерви,1.75,1.29,2026-06-07,2026-06-13
CBA,Кис Мляко Верея Знп 3.6% 400Гр,Млечни продукти,0.92,0.69,2026-06-07,2026-06-13
CBA,Ориз Български Бисерен Вкусно 1Кг,Основни хранителни продукти,2.04,1.69,2026-06-07,2026-06-13
CBA,Кафе Нова Бразилия Джезве 200Гр,Напитки,4.60,3.99,2026-06-07,2026-06-13
CBA,Домати Цели Белени Нови 400Гр,Плодове и зеленчуци,1.22,0.75,2026-06-07,2026-06-13
CBA,Кафе Лаваца Крема Арома На Зърна 1Кг,Напитки,40.90,27.99,2026-06-07,2026-06-13
CBA,Сирене Краве Бяло Саламурено Лесидрен 900Гр Кутия,Млечни продукти,8.18,5.69,2026-06-07,2026-06-13
CBA,Боб Червен Акцент 570Гр Буркан,Консерви,1.75,1.29,2026-06-07,2026-06-13
CBA,Кафе Джимока Макиато Интензо 2Брх250Гр,Напитки,10.22,7.99,2026-06-07,2026-06-13
CBA,Кафе Лаваца Куалита Роса Мляно 250Гр,Напитки,9.49,7.49,2026-06-07,2026-06-13
CBA,Шоколад Своге Фин Млечен 80Гр,Сладки,1.36,1.08,2026-06-07,2026-06-13
CBA,Кафе Лаваца Куалита Роса На Зърна 1Кг,Напитки,31.69,25.99,2026-06-07,2026-06-13
CBA,Брашно Мелко Тип 500 1Кг,Основни хранителни продукти,1.02,0.85,2026-06-07,2026-06-13
CBA,Кафе Нова Бразилия Класик 200Гр,Напитки,4.60,3.99,2026-06-07,2026-06-13
CBA,Кис Мляко Маджаров Знп 3.6% 400Гр,Млечни продукти,1.02,0.89,2026-06-07,2026-06-13
CBA,Кафе Лаваца Без Кофеин Мляно 250Гр,Напитки,10.22,8.99,2026-06-07,2026-06-13
CBA,Кафе Сегафредо Интермецо 1Кг На Зърна,Напитки,24.03,21.99,2026-06-07,2026-06-13
CBA,Сапун Дав Оригинал 90Гр,Домакински стоки,1.53,0.91,2026-06-07,2026-06-13
CBA,Кафе Джимока Гран Густо 2Брх250Гр,Напитки,10.22,7.99,2026-06-07,2026-06-13
CBA,Кафе Джимока На Зърна 1Кг,Напитки,18.40,14.99,2026-06-07,2026-06-13
CBA,Шпек Акцент 300Гр Вакуум,Месо и риба,2.30,1.89,2026-06-07,2026-06-13
CBA,Домати Чери Мути 400Гр,Плодове и зеленчуци,1.79,1.49,2026-06-07,2026-06-13
CBA,Домати Пасирани Де Чеко 700Гр,Плодове и зеленчуци,2.91,1.79,2026-06-07,2026-06-13
CBA,Кафе Мъст Арабика 250Гр,Напитки,7.15,4.99,2026-06-07,2026-06-13
CBA,Паста За Зъби Колгейт Макс Фреш Куул Минт 100Мл,Домакински стоки,2.55,1.79,2026-06-07,2026-06-13
CBA,Масло Маслиново Екстра Върджин Коста Доро Оливиция 1Л,Млечни продукти,11.24,7.99,2026-06-07,2026-06-13
CBA,Кафе Чибо Фемили 250Гр,Напитки,5.85,4.99,2026-06-07,2026-06-13
CBA,Кафе Чибо Фемили Инстантно 200Гр,Напитки,11.99,10.99,2026-06-07,2026-06-13
CBA,Кафе Лаваца Суерте 1Кг Зърна,Напитки,28.89,19.99,2026-06-07,2026-06-13
CBA,Кафе Мъст Кремозо 250Гр,Напитки,7.15,4.99,2026-06-07,2026-06-13
CBA,Паста За Зъби Колгейт Макс Фреш Клийн Минт 100Мл,Домакински стоки,2.55,1.79,2026-06-07,2026-06-13
CBA,Сирене Краве Дунавия Ведраре 400Гр Кутия,Млечни продукти,5.11,3.59,2026-06-07,2026-06-13
CBA,Бисквити Кармела Обикновени Детство Мое С Масло 130Гр,Млечни продукти,1.02,0.79,2026-06-07,2026-06-13
CBA,Кафе Лаваца Еспресо 250Гр Метална Кутия,Напитки,10.99,8.79,2026-06-07,2026-06-13
CBA,Кафе Лаваца Куалита Оро 250Гр Метална Кутия,Напитки,10.99,8.79,2026-06-07,2026-06-13
CBA,Маслини Зелени Гриловани Калипсо,Плодове и зеленчуци,6.60,5.39,2026-06-07,2026-06-13
CBA,Кашкавал Краве Каракачанка Пита,Млечни продукти,9.66,7.99,2026-06-07,2026-06-13
CBA,Бутчета Пилешки Амета Охладени Насипни,Месо и риба,3.47,2.69,2026-06-07,2026-06-13
CBA,Кафе Лаваца Крема Е Густо Форте 1Кг На Зърна,Напитки,29.99,23.99,2026-06-07,2026-06-13
CBA,Кафе Джимока Гран Густо 250Гр,Напитки,4.24,3.49,2026-06-07,2026-06-13
CBA,Кроасан Белино Мини Какао 72Гр,Основни хранителни продукти,0.76,0.65,2026-06-07,2026-06-13
CBA,Кафе Джимока Безкофеиново 250Гр,Напитки,5.19,3.99,2026-06-07,2026-06-13
CBA,Хляб Бял Вкусният Комат 500Гр,Хляб и тестени,1.15,0.95,2026-06-07,2026-06-13
CBA,Кроасан Белино Макс Череша 105Гр,Основни хранителни продукти,0.84,0.70,2026-06-07,2026-06-13
CBA,Кроасан Белино Мини Милфей 72Гр,Основни хранителни продукти,0.76,0.65,2026-06-07,2026-06-13
CBA,Сапун Дав Краставица 90Гр,Домакински стоки,1.53,0.91,2026-06-07,2026-06-13
CBA,Кроасан Белино Пистачио 80Гр,Основни хранителни продукти,0.76,0.59,2026-06-07,2026-06-13
CBA,Кафе Илли Еспресо Интенсо Мляно 250Гр,Напитки,14.35,11.99,2026-06-07,2026-06-13
CBA,Шпек Сандвич Бони 330Гр Вакуум,Месо и риба,4.95,4.49,2026-06-07,2026-06-13
CBA,Сапун Дав Ойл 90Гр,Домакински стоки,1.53,0.91,2026-06-07,2026-06-13
CBA,Прясно Мляко Май Дей Пастьоризирано 3.5% 1Л Бутилка,Млечни продукти,1.99,1.49,2026-06-07,2026-06-13
CBA,Кафе Едушо Класик Стронг Мляно 250Гр,Напитки,5.85,4.99,2026-06-07,2026-06-13
CBA,Сирене Краве Дубравия Бяло Саламурено,Млечни продукти,6.90,5.99,2026-06-07,2026-06-13
CBA,Кафе Давидоф Файн Арома 250Гр,Напитки,12.27,9.99,2026-06-07,2026-06-13
CBA,Кроасан Белино Макс Какао 105Гр,Основни хранителни продукти,0.84,0.70,2026-06-07,2026-06-13
CBA,Кафе Давидоф Рич Арома 250Гр,Напитки,12.27,9.99,2026-06-07,2026-06-13
CBA,Кафе Едушо Интенсо Мляно 250Гр,Напитки,5.85,4.99,2026-06-07,2026-06-13
CBA,Кренвирши Пилешки Фермата,Месо и риба,3.19,2.76,2026-06-07,2026-06-13
CBA,Сапун Дав Ексфолиращ 90Гр,Домакински стоки,1.53,0.91,2026-06-07,2026-06-13
CBA,Кафе Давидоф Еспресо 57 250Гр,Напитки,12.27,9.99,2026-06-07,2026-06-13
CBA,Мокри Кърпи Ренкли Премиум Лайка 100Бр,Основни хранителни продукти,2.04,1.69,2026-06-07,2026-06-13
CBA,Кафе Чибо Ексклузив 250Гр,Напитки,7.66,6.99,2026-06-07,2026-06-13
CBA,Плешка Свинска Без Кост Охладена,Месо и риба,5.06,3.79,2026-06-07,2026-06-13
CBA,Домати Цели Белени Мути 400Гр,Плодове и зеленчуци,1.79,1.49,2026-06-07,2026-06-13
CBA,Кафе Чибо Ексклузив Интенс 250Гр,Напитки,7.66,6.99,2026-06-07,2026-06-13
CBA,Препарат За Съдове Пур Гел Ябълка 450Мл,Домакински стоки,1.78,1.35,2026-06-07,2026-06-13
CBA,Кафе Сегафредо Безкофеиново 250Гр,Напитки,6.75,5.75,2026-06-07,2026-06-13
CBA,Шампоан Ботаник Терапи Олио От Авокадо И Масло От Ший 250Мл,Домакински стоки,3.81,2.99,2026-06-07,2026-06-13
CBA,Препарат За Съдове Пур Гел Лимон 450Мл,Домакински стоки,1.78,1.35,2026-06-07,2026-06-13
CBA,Препарат За Съдове Пур Балсам За Ръце И Нокти 450Мл,Домакински стоки,1.78,1.35,2026-06-07,2026-06-13
CBA,Паста За Зъби Колгейт Тройно Действие 50Мл,Домакински стоки,1.38,1.10,2026-06-07,2026-06-13
CBA,Шоколад Рошен Аеро Млечен 80Гр,Сладки,1.55,0.99,2026-06-07,2026-06-13
CBA,Препарат За Съдове Пур Балсам Алое Вера 450Мл,Домакински стоки,1.78,1.35,2026-06-07,2026-06-13
CBA,Паста За Зъби Пародонтакс Уайтънинг 75Мл,Домакински стоки,5.26,4.05,2026-06-07,2026-06-13
CBA,Мокри Кърпи Криси 120Бр С Капак,Основни хранителни продукти,1.53,0.99,2026-06-07,2026-06-13
CBA,Шампоан Нивеа Даймънд Глос 250Мл,Домакински стоки,4.75,3.33,2026-06-07,2026-06-13
CBA,Кафе Чибо Фемили На Зърна 1Кг,Напитки,26.69,22.99,2026-06-07,2026-06-13
CBA,Шампоан Ботаник Терапи За Коса Склонна Към Накъсване 250Мл,Домакински стоки,3.81,2.99,2026-06-07,2026-06-13
CBA,Грах Зелен Дегусто 420Гр,Плодове и зеленчуци,1.46,1.15,2026-06-07,2026-06-13
CBA,Шампоан Шаума Мъжки 250Мл,Домакински стоки,3.57,1.99,2026-06-07,2026-06-13
CBA,Шампоан Нивеа За Боядисана Коса 250Мл,Домакински стоки,4.75,3.33,2026-06-07,2026-06-13
CBA,Шампоан Ботаник Терапи За Коса Склонна Към Накъсване 400Мл,Домакински стоки,4.86,3.78,2026-06-07,2026-06-13
CBA,Шампоан Ботаник Терапи Магнетик Чаркол 250Мл,Домакински стоки,3.81,2.99,2026-06-07,2026-06-13
CBA,Шоколад Йон Екстра Млечен Шоколад 100Гр,Сладки,2.81,2.39,2026-06-07,2026-06-13
